{
  "user": [
    {
      "id": "1682861685163",
      "fname": "sanjay",
      "lname": "prajapati",
      "email": "sanjaygehlot1295@gmail.com",
      "password": "123456",
      "status": "unblock"
    },
    {
      "id": "1682861715386",
      "fname": "Bharat",
      "lname": "prajapati",
      "email": "Bharat125@gmail.com",
      "password": "7895",
      "status": "unblock"
    },
    {
      "id": "1682861738606",
      "fname": "pratik",
      "lname": "jain",
      "email": "jain745@gmail",
      "password": "kjh174",
      "status": "unblock"
    }
  ],
  "contact": [
    {
      "id": "1682862257395",
      "name": "Prajapati sanjay",
      "email": "sanjaygehlot1295@gmail.com",
      "mobile": "8128342124",
      "message": "hii how are you"
    }
  ],
  "admin": [
    {
      "id": 1,
      "name": "admin",
      "email": "admin@gmail.com",
      "password": "123456"
    }
  ]
}